"Data Source","World Development Indicators",

"Last Updated Date","2019-10-28",

"Country Name","Country Code","Indicator Name","Indicator Code","1960","1961","1962","1963","1964","1965","1966","1967","1968","1969","1970","1971","1972","1973","1974","1975","1976","1977","1978","1979","1980","1981","1982","1983","1984","1985","1986","1987","1988","1989","1990","1991","1992","1993","1994","1995","1996","1997","1998","1999","2000","2001","2002","2003","2004","2005","2006","2007","2008","2009","2010","2011","2012","2013","2014","2015","2016","2017","2018","2019",
"Aruba","ABW","Immunization, HepB3 (% of one-year-old children)","SH.IMM.HEPB","","","","","","","","","","","","","","","","","","","","","","","","","","","","","","","","","","","","","","","","","","","","","","","","","","","","","","","","","","","","",
"Afghanistan","AFG","Immunization, HepB3 (% of one-year-old children)","SH.IMM.HEPB","","","","","","","","","","","","","","","","","","","","","","","","","","","","","","","","","","","","","","","","","","","","","","","","63","64","63","66","68","67","64","62","65","66","66","66","",
"Angola","AGO","Immunization, HepB3 (% of one-year-old children)","SH.IMM.HEPB","","","","","","","","","","","","","","","","","","","","","","","","","","","","","","","","","","","","","","","","","","","","","","","","43","41","34","52","46","52","54","55","55","55","52","59","",
"Albania","ALB","Immunization, HepB3 (% of one-year-old children)","SH.IMM.HEPB","","","","","","","","","","","","","","","","","","","","","","","","","","","","","","","","","","","99","88","96","97","94","96","96","96","96","97","99","98","98","98","99","98","99","99","99","99","98","99","98","99","99","",
"Andorra","AND","Immunization, HepB3 (% of one-year-old children)","SH.IMM.HEPB","","","","","","","","","","","","","","","","","","","","","","","","","","","","","","","","","","","","","","75","80","75","84","84","84","81","77","79","84","91","97","96","96","99","96","94","95","94","94","98","98","",
"Arab World","ARB","Immunization, HepB3 (% of one-year-old children)","SH.IMM.HEPB","","","","","","","","","","","","","","","","","","","","","","","","","","","","","","","","","","","","","","","","68.1015281395527","75.1031829689403","80.9179108526879","81.9815243206675","82.2231546464994","83.0369222064013","78.1557900745079","82.7267934742031","85.8427874398001","87.2720346935916","87.6741973240821","87.9093461563439","89.1284325783085","85.2294945283073","87.0242304956301","85.4997558919315","84.6146083730239","85.6766292396664","86.8699225283203","86.2688038008715","",
"United Arab Emirates","ARE","Immunization, HepB3 (% of one-year-old children)","SH.IMM.HEPB","","","","","","","","","","","","","","","","","","","","","","","","","","","","","","","","","","90","90","90","90","90","96","92","92","92","92","92","92","92","92","92","92","93","94","95","96","98","99","99","99","98","99","",
"Argentina","ARG","Immunization, HepB3 (% of one-year-old children)","SH.IMM.HEPB","","","","","","","","","","","","","","","","","","","","","","","","","","","","","","","","","","","","","","","","","","","66","73","81","88","84","85","90","94","94","91","91","94","94","94","92","86","86","",
"Armenia","ARM","Immunization, HepB3 (% of one-year-old children)","SH.IMM.HEPB","","","","","","","","","","","","","","","","","","","","","","","","","","","","","","","","","","","","","","","","","55","69","91","93","91","91","78","85","89","93","94","95","95","95","93","94","94","94","92","",
"American Samoa","ASM","Immunization, HepB3 (% of one-year-old children)","SH.IMM.HEPB","","","","","","","","","","","","","","","","","","","","","","","","","","","","","","","","","","","","","","","","","","","","","","","","","","","","","","","","","","","","",
"Antigua and Barbuda","ATG","Immunization, HepB3 (% of one-year-old children)","SH.IMM.HEPB","","","","","","","","","","","","","","","","","","","","","","","","","","","","","","","","","","","","","","","","","","96","99","99","97","99","99","97","98","98","98","99","98","99","99","99","92","95","95","",
"Australia","AUS","Immunization, HepB3 (% of one-year-old children)","SH.IMM.HEPB","","","","","","","","","","","","","","","","","","","","","","","","","","","","","","","","","","","","","","","","","","94","95","95","95","95","95","94","94","94","92","92","91","91","91","93","94","95","95","",
"Austria","AUT","Immunization, HepB3 (% of one-year-old children)","SH.IMM.HEPB","","","","","","","","","","","","","","","","","","","","","","","","","","","","","","","","","","","","","","","","","33","44","81","83","83","86","83","85","83","83","86","89","92","95","98","93","87","90","85","",
"Azerbaijan","AZE","Immunization, HepB3 (% of one-year-old children)","SH.IMM.HEPB","","","","","","","","","","","","","","","","","","","","","","","","","","","","","","","","","","","","","","","","","","","50","51","50","49","52","62","68","74","80","84","88","93","94","96","97","95","95","",
"Burundi","BDI","Immunization, HepB3 (% of one-year-old children)","SH.IMM.HEPB","","","","","","","","","","","","","","","","","","","","","","","","","","","","","","","","","","","","","","","","","","","","","83","87","92","99","92","94","96","96","96","96","95","94","94","91","90","",
"Belgium","BEL","Immunization, HepB3 (% of one-year-old children)","SH.IMM.HEPB","","","","","","","","","","","","","","","","","","","","","","","","","","","","","","","","","","","","","","2","31","46","60","60","60","64","64","77","94","94","98","97","97","97","98","98","98","98","97","97","97","",
"Benin","BEN","Immunization, HepB3 (% of one-year-old children)","SH.IMM.HEPB","","","","","","","","","","","","","","","","","","","","","","","","","","","","","","","","","","","","","","","","","","","15","73","75","70","74","82","75","79","76","75","80","77","74","74","76","76","76","",
"Burkina Faso","BFA","Immunization, HepB3 (% of one-year-old children)","SH.IMM.HEPB","","","","","","","","","","","","","","","","","","","","","","","","","","","","","","","","","","","","","","","","","","","","","","","76","89","93","92","91","91","90","88","91","91","91","91","91","",
"Bangladesh","BGD","Immunization, HepB3 (% of one-year-old children)","SH.IMM.HEPB","","","","","","","","","","","","","","","","","","","","","","","","","","","","","","","","","","","","","","","","","","","","5","11","45","86","95","96","97","94","96","94","96","97","98","98","98","98","",
"Bulgaria","BGR","Immunization, HepB3 (% of one-year-old children)","SH.IMM.HEPB","","","","","","","","","","","","","","","","","","","","","","","","","","","","","","","","","71","96","94","95","94","77","97","97","94","93","88","96","94","96","96","95","96","96","95","96","95","95","95","92","91","92","85","",
"Bahrain","BHR","Immunization, HepB3 (% of one-year-old children)","SH.IMM.HEPB","","","","","","","","","","","","","","","","","","","","","","","","","","","","","","","","","57","90","93","95","96","95","95","97","97","99","98","98","98","98","98","97","97","98","99","99","99","99","98","98","99","98","99","",
"Bahamas, The","BHS","Immunization, HepB3 (% of one-year-old children)","SH.IMM.HEPB","","","","","","","","","","","","","","","","","","","","","","","","","","","","","","","","","","","","","","","","","","21","89","88","93","93","96","93","90","95","98","95","96","97","96","95","94","94","90","",
"Bosnia and Herzegovina","BIH","Immunization, HepB3 (% of one-year-old children)","SH.IMM.HEPB","","","","","","","","","","","","","","","","","","","","","","","","","","","","","","","","","","","","","","","","","","","","","36","93","90","94","88","90","89","88","92","91","89","82","78","77","80","",
"Belarus","BLR","Immunization, HepB3 (% of one-year-old children)","SH.IMM.HEPB","","","","","","","","","","","","","","","","","","","","","","","","","","","","","","","","","","","","","","","","","70","93","99","56","99","99","98","91","98","98","96","98","97","98","97","99","96","98","98","",
"Belize","BLZ","Immunization, HepB3 (% of one-year-old children)","SH.IMM.HEPB","","","","","","","","","","","","","","","","","","","","","","","","","","","","","","","","","","","","","","","","","76","96","97","96","97","96","98","96","94","97","96","95","98","95","95","94","95","88","96","",
"Bermuda","BMU","Immunization, HepB3 (% of one-year-old children)","SH.IMM.HEPB","","","","","","","","","","","","","","","","","","","","","","","","","","","","","","","","","","","","","","","","","","","","","","","","","","","","","","","","","","","","",
"Bolivia","BOL","Immunization, HepB3 (% of one-year-old children)","SH.IMM.HEPB","","","","","","","","","","","","","","","","","","","","","","","","","","","","","","","","","","","","","","","","","77","77","77","80","84","85","83","84","88","93","91","95","93","87","85","89","87","84","83","",
"Brazil","BRA","Immunization, HepB3 (% of one-year-old children)","SH.IMM.HEPB","","","","","","","","","","","","","","","","","","","","","","","","","","","","","","","","","","","4","10","15","6","13","84","94","91","92","97","96","98","99","99","96","99","96","98","96","96","96","96","89","93","83","",
"Barbados","BRB","Immunization, HepB3 (% of one-year-old children)","SH.IMM.HEPB","","","","","","","","","","","","","","","","","","","","","","","","","","","","","","","","","","","","","","","","","","18","66","91","93","92","84","93","85","93","86","91","87","91","94","97","97","90","95","",
"Brunei Darussalam","BRN","Immunization, HepB3 (% of one-year-old children)","SH.IMM.HEPB","","","","","","","","","","","","","","","","","","","","","","","","","","","","","","","96","96","96","99","99","99","98","98","99","93","99","99","99","99","99","99","99","97","96","96","96","93","99","98","99","99","99","99","99","",
"Bhutan","BTN","Immunization, HepB3 (% of one-year-old children)","SH.IMM.HEPB","","","","","","","","","","","","","","","","","","","","","","","","","","","","","","","","","","","","","16","84","81","90","98","89","83","95","89","95","95","95","96","93","91","95","97","97","99","99","98","98","97","",
"Botswana","BWA","Immunization, HepB3 (% of one-year-old children)","SH.IMM.HEPB","","","","","","","","","","","","","","","","","","","","","","","","","","","","","","","","","","","","73","62","60","77","85","86","87","88","90","91","92","93","93","94","94","95","95","95","95","95","95","95","95","95","",
"Central African Republic","CAF","Immunization, HepB3 (% of one-year-old children)","SH.IMM.HEPB","","","","","","","","","","","","","","","","","","","","","","","","","","","","","","","","","","","","","","","","","","","","","","","","","","42","45","47","47","23","47","47","47","47","47","",
"Canada","CAN","Immunization, HepB3 (% of one-year-old children)","SH.IMM.HEPB","","","","","","","","","","","","","","","","","","","","","","","","","","","","","","","","","","","","","","","","","","","","14","14","14","14","14","28","42","56","70","70","55","55","69","70","71","71","",
"Central Europe and the Baltics","CEB","Immunization, HepB3 (% of one-year-old children)","SH.IMM.HEPB","","","","","","","","","","","","","","","","","","","","","","","","","","","","","","","","","","","","","","","95.3077352614998","98.5672160996134","98.1118621500601","96.1006832139897","96.2078271173079","96.7198409616319","97.7180658386476","97.8861877056596","97.8531243688839","97.7111170800638","97.5025857068468","97.0202032777415","97.557932791158","97.1413496380695","96.6110424752525","96.2129784121229","95.6702051671142","94.2716543994171","93.7533737858455","93.1319301789788","91.9975507848672","",
"Switzerland","CHE","Immunization, HepB3 (% of one-year-old children)","SH.IMM.HEPB","","","","","","","","","","","","","","","","","","","","","","","","","","","","","","","","","","","","","","","","","","","","","","","","","","","","","","","","","","","72","",
"Channel Islands","CHI","Immunization, HepB3 (% of one-year-old children)","SH.IMM.HEPB","","","","","","","","","","","","","","","","","","","","","","","","","","","","","","","","","","","","","","","","","","","","","","","","","","","","","","","","","","","","",
"Chile","CHL","Immunization, HepB3 (% of one-year-old children)","SH.IMM.HEPB","","","","","","","","","","","","","","","","","","","","","","","","","","","","","","","","","","","","","","","","","","","","","","","95","92","95","94","92","94","90","90","95","97","95","93","95","",
"China","CHN","Immunization, HepB3 (% of one-year-old children)","SH.IMM.HEPB","","","","","","","","","","","","","","","","","","","","","","","","","","","","","","","","","","","","","","","","","60","65","70","75","79","84","91","92","95","99","99","99","99","99","99","99","99","99","99","",
"Cote d'Ivoire","CIV","Immunization, HepB3 (% of one-year-old children)","SH.IMM.HEPB","","","","","","","","","","","","","","","","","","","","","","","","","","","","","","","","","","","","","","","","","","10","48","63","67","76","77","76","74","81","85","62","82","75","73","77","85","83","82","",
"Cameroon","CMR","Immunization, HepB3 (% of one-year-old children)","SH.IMM.HEPB","","","","","","","","","","","","","","","","","","","","","","","","","","","","","","","","","","","","","","","","","","","","","","79","81","82","84","80","84","82","85","89","87","84","85","86","79","",
"Congo, Dem. Rep.","COD","Immunization, HepB3 (% of one-year-old children)","SH.IMM.HEPB","","","","","","","","","","","","","","","","","","","","","","","","","","","","","","","","","","","","","","","","","","","","","","","","70","65","72","60","74","75","74","80","81","79","81","81","",
"Congo, Rep.","COG","Immunization, HepB3 (% of one-year-old children)","SH.IMM.HEPB","","","","","","","","","","","","","","","","","","","","","","","","","","","","","","","","","","","","","","","","","","","","","","","","64","73","75","74","70","62","85","90","80","71","69","75","",
"Colombia","COL","Immunization, HepB3 (% of one-year-old children)","SH.IMM.HEPB","","","","","","","","","","","","","","","","","","","","","","","","","","","","","","","","","","","","71","95","85","75","77","78","80","78","92","89","93","93","93","92","92","88","85","92","91","90","91","91","92","92","",
"Comoros","COM","Immunization, HepB3 (% of one-year-old children)","SH.IMM.HEPB","","","","","","","","","","","","","","","","","","","","","","","","","","","","","","","","","","","","","","","","","","","","28","77","68","69","75","81","83","74","83","89","88","88","91","91","91","91","",
"Cabo Verde","CPV","Immunization, HepB3 (% of one-year-old children)","SH.IMM.HEPB","","","","","","","","","","","","","","","","","","","","","","","","","","","","","","","","","","","","","","","","","","","40","66","91","93","95","96","98","98","98","90","94","93","96","94","96","97","99","",
"Costa Rica","CRI","Immunization, HepB3 (% of one-year-old children)","SH.IMM.HEPB","","","","","","","","","","","","","","","","","","","","","","","","","","","","","","","","","","","","","","76","86","83","89","80","94","86","89","90","88","89","89","87","89","84","91","94","91","92","97","97","98","",
"Caribbean small states","CSS","Immunization, HepB3 (% of one-year-old children)","SH.IMM.HEPB","","","","","","","","","","","","","","","","","","","","","","","","","","","","","","","","","","","","","","","","","","","","61.8466254412272","95.3854756652109","95.3652958525653","93.2882459343697","91.7524240741532","91.2500538797748","92.0383788283445","93.0582339441566","91.8894811870923","94.3092701349549","93.4189156564176","92.9676579286635","92.0986109200935","96.5254290676292","91.3114383180173","96.339518978885","",
"Cuba","CUB","Immunization, HepB3 (% of one-year-old children)","SH.IMM.HEPB","","","","","","","","","","","","","","","","","","","","","","","","","","","","","","","","","","84","98","99","99","98","98","99","98","98","98","99","99","95","89","93","95","96","96","96","96","96","97","99","99","99","99","",
"Curacao","CUW","Immunization, HepB3 (% of one-year-old children)","SH.IMM.HEPB","","","","","","","","","","","","","","","","","","","","","","","","","","","","","","","","","","","","","","","","","","","","","","","","","","","","","","","","","","","","",
"Cayman Islands","CYM","Immunization, HepB3 (% of one-year-old children)","SH.IMM.HEPB","","","","","","","","","","","","","","","","","","","","","","","","","","","","","","","","","","","","","","","","","","","","","","","","","","","","","","","","","","","","",
"Cyprus","CYP","Immunization, HepB3 (% of one-year-old children)","SH.IMM.HEPB","","","","","","","","","","","","","","","","","","","","","","","","","","","","","","","","20","27","41","54","68","88","88","88","89","89","89","88","88","88","88","93","93","93","96","96","96","96","96","96","97","97","97","97","",
"Czech Republic","CZE","Immunization, HepB3 (% of one-year-old children)","SH.IMM.HEPB","","","","","","","","","","","","","","","","","","","","","","","","","","","","","","","","","","","","","","","","","","","86","92","98","99","98","99","99","99","99","99","99","99","99","97","96","94","94","",
"Germany","DEU","Immunization, HepB3 (% of one-year-old children)","SH.IMM.HEPB","","","","","","","","","","","","","","","","","","","","","","","","","","","","","","","","","","15","32","45","57","71","81","81","84","86","87","90","88","90","87","86","87","88","88","87","87","87","87","87","87","87","87","",
"Djibouti","DJI","Immunization, HepB3 (% of one-year-old children)","SH.IMM.HEPB","","","","","","","","","","","","","","","","","","","","","","","","","","","","","","","","","","","","","","","","","","","","","","","","25","88","89","88","87","81","82","78","84","68","76","84","",
"Dominica","DMA","Immunization, HepB3 (% of one-year-old children)","SH.IMM.HEPB","","","","","","","","","","","","","","","","","","","","","","","","","","","","","","","","","","","","","","","","","","","","","","","7","93","96","99","98","98","97","96","97","98","99","91","94","",
"Denmark","DNK","Immunization, HepB3 (% of one-year-old children)","SH.IMM.HEPB","","","","","","","","","","","","","","","","","","","","","","","","","","","","","","","","","","","","","","","","","","","","","","","","","","","","","","","","","","","","",
"Dominican Republic","DOM","Immunization, HepB3 (% of one-year-old children)","SH.IMM.HEPB","","","","","","","","","","","","","","","","","","","","","","","","","","","","","","","","","","","","","","","62","76","68","66","63","79","82","87","84","81","81","80","83","80","74","80","89","81","80","81","92","",
"Algeria","DZA","Immunization, HepB3 (% of one-year-old children)","SH.IMM.HEPB","","","","","","","","","","","","","","","","","","","","","","","","","","","","","","","","","","","","","","","","","","","","","81","83","80","90","91","94","95","95","95","95","95","95","91","91","91","",
"East Asia & Pacific (excluding high income)","EAP","Immunization, HepB3 (% of one-year-old children)","SH.IMM.HEPB","","","","","","","","","","","","","","","","","","","","","","","","","","","","","","","","","","","","","","","","","58.4829438281928","64.5416350105756","67.7674177181363","69.2656317600345","74.0374170400026","78.0577390421686","85.1797078285915","87.1461506641358","91.1671036330361","93.9710655135928","93.2852396280651","92.5523133908523","93.624100816166","92.5902263949723","91.9373270873738","91.5743254322229","93.5958272416717","92.4552094401658","90.9410416002791","",
"Early-demographic dividend","EAR","Immunization, HepB3 (% of one-year-old children)","SH.IMM.HEPB","","","","","","","","","","","","","","","","","","","","","","","","","","","","","","","","","","","","","","","","","","","","","39.5404993378994","44.7023293391032","47.6409998731292","49.443587163803","59.6464066507877","63.7109993912388","64.2404933423026","67.3921356503933","79.1472840771034","78.3592608436826","81.0564052356668","84.3855740245984","86.3605610874202","84.6905352161004","84.3027170110427","",
"East Asia & Pacific","EAS","Immunization, HepB3 (% of one-year-old children)","SH.IMM.HEPB","","","","","","","","","","","","","","","","","","","","","","","","","","","","","","","","","","","","","","","","","59.3789031699916","65.3377840133339","68.5944536932842","69.9405353509952","74.5830497012692","78.6024422249722","85.5038669425107","87.2871780099722","91.2454314190845","93.9729501007707","93.2806058655889","92.6593429606148","93.6843156220775","92.6796809890219","92.0432356000588","91.6920839619238","93.6651683681666","92.5685657258279","91.0927034087465","",
"Europe & Central Asia (excluding high income)","ECA","Immunization, HepB3 (% of one-year-old children)","SH.IMM.HEPB","","","","","","","","","","","","","","","","","","","","","","","","","","","","","","","","","","","","","","","","","","60.6763817288506","74.1281848023885","83.211624063321","89.3427642896966","91.2570295814377","91.8604455688935","95.1296854788568","93.1100126850624","92.6724642034377","91.9412771348019","89.6004330941579","92.2162885158047","92.7684581792766","90.4026324949429","90.968711653405","90.7444213996641","93.1787980565774","93.5216849951655","",
"Europe & Central Asia","ECS","Immunization, HepB3 (% of one-year-old children)","SH.IMM.HEPB","","","","","","","","","","","","","","","","","","","","","","","","","","","","","","","","","","","","","","","","","","66.1960514469193","74.5712359760663","80.2565687128604","85.3735858137731","86.9145357973141","87.7560553309715","90.027126503162","89.4693822388145","89.6104236981688","90.0452216155227","87.9267791683034","89.6786082519109","90.8561674201749","90.2806020472298","90.9840411623213","90.9868373410556","92.4905692108655","92.5654688201842","",
"Ecuador","ECU","Immunization, HepB3 (% of one-year-old children)","SH.IMM.HEPB","","","","","","","","","","","","","","","","","","","","","","","","","","","","","","","","","","","","","","","","","36","69","75","82","88","92","96","94","93","91","90","88","88","87","83","78","83","85","85","",
"Egypt, Arab Rep.","EGY","Immunization, HepB3 (% of one-year-old children)","SH.IMM.HEPB","","","","","","","","","","","","","","","","","","","","","","","","","","","","","","","","","","","57","74","77","81","88","97","98","99","97","98","97","98","98","98","97","97","97","96","93","97","94","93","95","94","95","",
"Euro area","EMU","Immunization, HepB3 (% of one-year-old children)","SH.IMM.HEPB","","","","","","","","","","","","","","","","","","","","","","","","","","","","","","","","","","","","","","","65.8367832573289","67.2810365677228","67.7082915049415","70.2670843189077","72.1267359969405","73.1434348568729","76.908129996211","77.9239518727558","79.1614125046424","79.8874890805676","81.5433038977269","82.5519135734619","85.1379940464557","85.1482605507757","85.8371256338413","88.2830496133289","90.7615737560958","91.5927313775553","91.742978606378","91.641012883388","91.4453025102151","",
"Eritrea","ERI","Immunization, HepB3 (% of one-year-old children)","SH.IMM.HEPB","","","","","","","","","","","","","","","","","","","","","","","","","","","","","","","","","","","","","","","","","","","86","91","84","96","94","95","95","95","95","94","94","94","94","95","95","95","95","",
"Spain","ESP","Immunization, HepB3 (% of one-year-old children)","SH.IMM.HEPB","","","","","","","","","","","","","","","","","","","","","","","","","","","","","","","","","","","","","82","84","81","80","77","83","82","81","97","96","97","96","97","96","97","97","96","95","96","97","97","95","94","",
"Estonia","EST","Immunization, HepB3 (% of one-year-old children)","SH.IMM.HEPB","","","","","","","","","","","","","","","","","","","","","","","","","","","","","","","","","","","","","","","","","","","","","90","95","95","95","94","95","94","94","94","93","93","91","93","92","93","",
"Ethiopia","ETH","Immunization, HepB3 (% of one-year-old children)","SH.IMM.HEPB","","","","","","","","","","","","","","","","","","","","","","","","","","","","","","","","","","","","","","","","","","","","","","","","47","52","56","62","65","62","59","61","73","73","73","72","",
"European Union","EUU","Immunization, HepB3 (% of one-year-old children)","SH.IMM.HEPB","","","","","","","","","","","","","","","","","","","","","","","","","","","","","","","","","","","","","","","72.501598396869","73.529089349136","73.4069252456728","75.0184807740821","76.8457178641832","77.7001012515206","80.9540649724925","81.79966782372","82.8711156136703","83.6700625594637","85.0087299279131","85.7531847603671","87.8990657122965","86.2489372362017","86.5193234351858","88.3823744009156","90.3467540512161","90.9825725669565","91.3353871351612","91.3951541282904","91.477432201642","",
"Fragile and conflict affected situations","FCS","Immunization, HepB3 (% of one-year-old children)","SH.IMM.HEPB","","","","","","","","","","","","","","","","","","","","","","","","","","","","","","","","","","","","","","","","","","","","","","","","73.9280198282068","70.5884933097373","73.4809953574033","72.7783387132789","71.6610636052022","72.1685304853991","73.3270145829764","74.2841516137979","73.6559732366425","75.0290163864965","76.1441378382141","75.8555630823972","",
"Finland","FIN","Immunization, HepB3 (% of one-year-old children)","SH.IMM.HEPB","","","","","","","","","","","","","","","","","","","","","","","","","","","","","","","","","","","","","","","","","","","","","","","","","","","","","","","","","","","","",
"Fiji","FJI","Immunization, HepB3 (% of one-year-old children)","SH.IMM.HEPB","","","","","","","","","","","","","","","","","","","","","","","","","","","","","","","","","","88","60","82","90","98","98","98","98","98","99","99","99","99","99","99","99","99","99","99","99","99","99","99","99","99","99","",
"France","FRA","Immunization, HepB3 (% of one-year-old children)","SH.IMM.HEPB","","","","","","","","","","","","","","","","","","","","","","","","","","","","","","","","","","","","","","","27","24","26","28","29","28","35","35","39","42","47","51","64","74","78","82","83","88","90","90","90","",
"Faroe Islands","FRO","Immunization, HepB3 (% of one-year-old children)","SH.IMM.HEPB","","","","","","","","","","","","","","","","","","","","","","","","","","","","","","","","","","","","","","","","","","","","","","","","","","","","","","","","","","","","",
"Micronesia, Fed. Sts.","FSM","Immunization, HepB3 (% of one-year-old children)","SH.IMM.HEPB","","","","","","","","","","","","","","","","","","","","","","","","","","","","","","47","56","65","73","82","82","82","80","78","79","77","87","81","85","89","80","91","84","90","89","89","88","83","82","83","81","78","76","80","83","",
"Gabon","GAB","Immunization, HepB3 (% of one-year-old children)","SH.IMM.HEPB","","","","","","","","","","","","","","","","","","","","","","","","","","","","","","","","","","","","","","","","","","","","","","28","52","75","82","79","67","75","82","79","70","80","75","75","70","",
"United Kingdom","GBR","Immunization, HepB3 (% of one-year-old children)","SH.IMM.HEPB","","","","","","","","","","","","","","","","","","","","","","","","","","","","","","","","","","","","","","","","","","","","","","","","","","","","","","","","","","","","",
"Georgia","GEO","Immunization, HepB3 (% of one-year-old children)","SH.IMM.HEPB","","","","","","","","","","","","","","","","","","","","","","","","","","","","","","","","","","","","","","","","","55","61","51","48","64","79","84","94","89","54","95","89","92","96","91","94","92","91","93","",
"Ghana","GHA","Immunization, HepB3 (% of one-year-old children)","SH.IMM.HEPB","","","","","","","","","","","","","","","","","","","","","","","","","","","","","","","","","","","","","","","","","","","80","80","80","84","84","94","93","94","94","91","92","90","98","88","93","99","97","",
"Gibraltar","GIB","Immunization, HepB3 (% of one-year-old children)","SH.IMM.HEPB","","","","","","","","","","","","","","","","","","","","","","","","","","","","","","","","","","","","","","","","","","","","","","","","","","","","","","","","","","","","",
"Guinea","GIN","Immunization, HepB3 (% of one-year-old children)","SH.IMM.HEPB","","","","","","","","","","","","","","","","","","","","","","","","","","","","","","","","","","","","","","","","","","","","","","","","57","57","57","64","63","57","50","44","45","45","45","45","",
"Gambia, The","GMB","Immunization, HepB3 (% of one-year-old children)","SH.IMM.HEPB","","","","","","","","","","","","","","","","","","","","","","","","","","","","","","","","78","","56","57","87","88","94","92","93","91","91","92","94","95","95","95","97","98","97","97","96","98","97","96","97","95","92","93","",
"Guinea-Bissau","GNB","Immunization, HepB3 (% of one-year-old children)","SH.IMM.HEPB","","","","","","","","","","","","","","","","","","","","","","","","","","","","","","","","","","","","","","","","","","","","","","","","","","80","82","89","87","87","88","88","88","88","88","",
"Equatorial Guinea","GNQ","Immunization, HepB3 (% of one-year-old children)","SH.IMM.HEPB","","","","","","","","","","","","","","","","","","","","","","","","","","","","","","","","","","","","","","","","","","","","","","","","","","","","","","","20","16","19","25","25","",
"Greece","GRC","Immunization, HepB3 (% of one-year-old children)","SH.IMM.HEPB","","","","","","","","","","","","","","","","","","","","","","","","","","","","","","","","10","15","2","2","12","12","50","69","88","89","90","91","92","92","93","94","95","95","95","95","95","98","98","96","96","96","96","96","",
"Grenada","GRD","Immunization, HepB3 (% of one-year-old children)","SH.IMM.HEPB","","","","","","","","","","","","","","","","","","","","","","","","","","","","","","","","","","","","","","","","","","96","98","97","83","99","91","96","99","99","97","94","97","97","97","92","96","96","96","",
"Greenland","GRL","Immunization, HepB3 (% of one-year-old children)","SH.IMM.HEPB","","","","","","","","","","","","","","","","","","","","","","","","","","","","","","","","","","","","","","","","","","","","","","","","","","","","","","","","","","","","",
"Guatemala","GTM","Immunization, HepB3 (% of one-year-old children)","SH.IMM.HEPB","","","","","","","","","","","","","","","","","","","","","","","","","","","","","","","","","","","","","","","","","","","","","","87","89","85","95","92","94","88","96","85","73","74","80","82","86","",
"Guam","GUM","Immunization, HepB3 (% of one-year-old children)","SH.IMM.HEPB","","","","","","","","","","","","","","","","","","","","","","","","","","","","","","","","","","","","","","","","","","","","","","","","","","","","","","","","","","","","",
"Guyana","GUY","Immunization, HepB3 (% of one-year-old children)","SH.IMM.HEPB","","","","","","","","","","","","","","","","","","","","","","","","","","","","","","","","","","","","","","","","","","85","91","90","91","93","93","94","93","98","95","93","97","98","98","95","97","97","95","",
"High income","HIC","Immunization, HepB3 (% of one-year-old children)","SH.IMM.HEPB","","","","","","","","","","","","","","","","","","","","","","","","","","","","","","","","","","","","","","","","","","83.8234424831564","84.5112886712389","83.9949899852696","85.3888241480406","86.5158041415927","86.9963242568503","86.744433356761","88.4628687482384","88.4348222925481","89.6178468649336","89.3095958705998","88.9367076514656","89.531259701823","90.8244737774515","91.6998558582793","92.3504358679378","92.2735467660079","91.4471337639242","",
"Hong Kong SAR, China","HKG","Immunization, HepB3 (% of one-year-old children)","SH.IMM.HEPB","","","","","","","","","","","","","","","","","","","","","","","","","","","","","","","","","","","","","","","","","","","","","","","","","","","","","","","","","","","","",
"Honduras","HND","Immunization, HepB3 (% of one-year-old children)","SH.IMM.HEPB","","","","","","","","","","","","","","","","","","","","","","","","","","","","","","","","","","","","","","","","","93","95","94","91","93","97","94","93","92","97","97","97","98","98","98","98","94","89","90","",
"Heavily indebted poor countries (HIPC)","HPC","Immunization, HepB3 (% of one-year-old children)","SH.IMM.HEPB","","","","","","","","","","","","","","","","","","","","","","","","","","","","","","","","","","","","","","","","","","","","","","","","73.6859319136399","72.174519687053","74.464048598952","74.8924260827282","77.6386846364202","77.9341364396918","76.0743178301377","77.8934156907696","79.8882806516777","80.5208479311462","81.3338109252489","80.4265331113419","",
"Croatia","HRV","Immunization, HepB3 (% of one-year-old children)","SH.IMM.HEPB","","","","","","","","","","","","","","","","","","","","","","","","","","","","","","","","","","","","","","","","","","","","","","","","94","97","97","97","96","96","96","95","94","92","92","93","",
"Haiti","HTI","Immunization, HepB3 (% of one-year-old children)","SH.IMM.HEPB","","","","","","","","","","","","","","","","","","","","","","","","","","","","","","","","","","","","","","","","","","","","","","","","","","","","","","68","63","64","64","64","64","",
"Hungary","HUN","Immunization, HepB3 (% of one-year-old children)","SH.IMM.HEPB","","","","","","","","","","","","","","","","","","","","","","","","","","","","","","","","","","","","","","","","","","","","","","","","","","","","","","","","","","","","",
"IBRD only","IBD","Immunization, HepB3 (% of one-year-old children)","SH.IMM.HEPB","","","","","","","","","","","","","","","","","","","","","","","","","","","","","","","","","","","","","","","","","","","74.9764382796579","78.5249294188449","54.7376542644062","57.4997856487499","59.321134888692","60.1018877958266","69.516946263996","73.6259328249562","73.7749480419773","76.292964282719","86.2192578114791","84.5268942542834","86.8631234107698","89.1761773862643","90.2910325593192","89.3408089047625","88.3960413633192","",
"IDA & IBRD total","IBT","Immunization, HepB3 (% of one-year-old children)","SH.IMM.HEPB","","","","","","","","","","","","","","","","","","","","","","","","","","","","","","","","","","","","","","","","","","","","71.0506811867133","55.8447622962797","58.0668682877311","61.9539468232793","63.3764073507531","69.4159678564546","73.6628127171884","73.1317873737395","75.2020832553932","81.3944344473283","80.3254677466884","82.2827157023212","83.9101353963482","85.6390841206801","85.0801446141701","84.3617985554239","",
"IDA total","IDA","Immunization, HepB3 (% of one-year-old children)","SH.IMM.HEPB","","","","","","","","","","","","","","","","","","","","","","","","","","","","","","","","","","","","","","","","","","","","","","59.4980443498131","68.3199835860917","69.8799265856188","69.2218467232811","73.7313924911466","71.9488836139962","73.2183953721447","72.7336645342434","73.0104229384364","74.418715363424","75.0786194787707","77.9765525084412","78.1548728446067","77.9185010000314","",
"IDA blend","IDB","Immunization, HepB3 (% of one-year-old children)","SH.IMM.HEPB","","","","","","","","","","","","","","","","","","","","","","","","","","","","","","","","","","","","","","","","","","","","","","49.7468548043534","52.022534230929","56.2445602690399","56.2068975565393","64.8030942690944","60.1907844355099","63.4327290784169","61.9872666028377","62.9676964561745","63.8685894599735","63.7102800455083","70.8593322613469","70.0970258284225","70.5741778036499","",
"Indonesia","IDN","Immunization, HepB3 (% of one-year-old children)","SH.IMM.HEPB","","","","","","","","","","","","","","","","","","","","","","","","","","","","","","","","","28","43","42","50","62","65","76","77","65","62","63","64","64","65","66","76","82","82","83","81","83","85","78","78","79","79","79","",
"IDA only","IDX","Immunization, HepB3 (% of one-year-old children)","SH.IMM.HEPB","","","","","","","","","","","","","","","","","","","","","","","","","","","","","","","","","","","","","","","","","","","","","","67.1117244995936","80.480899724634","77.3871382903078","76.2285685196418","78.409361058284","78.1483673422451","78.4212830308732","78.4693494617429","78.259420070508","79.9549673362223","80.9877083471758","81.6855916331319","82.3500108108263","81.7371965280001","",
"Isle of Man","IMN","Immunization, HepB3 (% of one-year-old children)","SH.IMM.HEPB","","","","","","","","","","","","","","","","","","","","","","","","","","","","","","","","","","","","","","","","","","","","","","","","","","","","","","","","","","","","",
"India","IND","Immunization, HepB3 (% of one-year-old children)","SH.IMM.HEPB","","","","","","","","","","","","","","","","","","","","","","","","","","","","","","","","","","","","","","","","","","","","","6","8","6","6","29","37","38","44","73","70","79","87","88","89","89","",
"Not classified","INX","Immunization, HepB3 (% of one-year-old children)","SH.IMM.HEPB","","","","","","","","","","","","","","","","","","","","","","","","","","","","","","","","","","","","","","","","","","","","","","","","","","","","","","","","","","","","",
"Ireland","IRL","Immunization, HepB3 (% of one-year-old children)","SH.IMM.HEPB","","","","","","","","","","","","","","","","","","","","","","","","","","","","","","","","","","","","","","","","","","","","","","","","","","","46","95","95","95","95","95","95","95","94","",
"Iran, Islamic Rep.","IRN","Immunization, HepB3 (% of one-year-old children)","SH.IMM.HEPB","","","","","","","","","","","","","","","","","","","","","","","","","","","","","","","","","","","62","59","84","93","94","95","99","94","99","98","95","94","98","97","99","99","99","99","98","99","99","98","99","99","99","",
"Iraq","IRQ","Immunization, HepB3 (% of one-year-old children)","SH.IMM.HEPB","","","","","","","","","","","","","","","","","","","","","","","","","","","","","","","","","","","40","57","22","65","3","52","67","66","65","63","62","65","59","56","66","75","72","78","62","68","69","68","73","85","84","",
"Iceland","ISL","Immunization, HepB3 (% of one-year-old children)","SH.IMM.HEPB","","","","","","","","","","","","","","","","","","","","","","","","","","","","","","","","","","","","","","","","","","","","","","","","","","","","","","","","","","","","",
"Israel","ISR","Immunization, HepB3 (% of one-year-old children)","SH.IMM.HEPB","","","","","","","","","","","","","","","","","","","","","","","","","","","","","","","","","92","92","92","93","96","97","97","96","98","96","98","98","99","96","96","99","99","98","97","98","97","97","97","96","95","97","97","",
"Italy","ITA","Immunization, HepB3 (% of one-year-old children)","SH.IMM.HEPB","","","","","","","","","","","","","","","","","","","","","","","","","","","","","","","","95","95","95","95","95","95","95","95","97","94","95","95","95","96","96","96","97","96","96","96","96","96","96","95","93","93","94","95","",
"Jamaica","JAM","Immunization, HepB3 (% of one-year-old children)","SH.IMM.HEPB","","","","","","","","","","","","","","","","","","","","","","","","","","","","","","","","","","","","","","","","","","","","36","98","99","97","92","92","90","94","92","96","93","92","91","98","93","97","",
"Jordan","JOR","Immunization, HepB3 (% of one-year-old children)","SH.IMM.HEPB","","","","","","","","","","","","","","","","","","","","","","","","","","","","","","","","","","","","54","85","90","91","92","93","97","95","97","95","95","98","98","97","98","98","98","98","98","98","99","98","99","96","",
"Japan","JPN","Immunization, HepB3 (% of one-year-old children)","SH.IMM.HEPB","","","","","","","","","","","","","","","","","","","","","","","","","","","","","","","","","","","","","","","","","","","","","","","","","","","","","","","","","","","","",
"Kazakhstan","KAZ","Immunization, HepB3 (% of one-year-old children)","SH.IMM.HEPB","","","","","","","","","","","","","","","","","","","","","","","","","","","","","","","","","","","","","","","49","90","99","95","95","99","99","94","99","94","99","99","99","99","95","99","95","98","82","99","98","",
"Kenya","KEN","Immunization, HepB3 (% of one-year-old children)","SH.IMM.HEPB","","","","","","","","","","","","","","","","","","","","","","","","","","","","","","","","","","","","","","","","","","","84","73","73","76","80","81","88","88","90","96","94","93","92","89","89","82","92","",
"Kyrgyz Republic","KGZ","Immunization, HepB3 (% of one-year-old children)","SH.IMM.HEPB","","","","","","","","","","","","","","","","","","","","","","","","","","","","","","","","","","","","","","","","10","44","57","99","99","99","97","90","94","97","96","96","96","96","97","96","97","96","92","92","",
"Cambodia","KHM","Immunization, HepB3 (% of one-year-old children)","SH.IMM.HEPB","","","","","","","","","","","","","","","","","","","","","","","","","","","","","","","","","","","","","","","","","","","","","","","80","82","91","92","91","91","91","86","91","92","93","93","92","",
"Kiribati","KIR","Immunization, HepB3 (% of one-year-old children)","SH.IMM.HEPB","","","","","","","","","","","","","","","","","","","","","","","","","","","","","","","73","7","6","8","36","36","66","97","89","82","90","85","79","73","67","50","88","96","83","86","91","95","94","95","75","82","81","90","95","",
"St. Kitts and Nevis","KNA","Immunization, HepB3 (% of one-year-old children)","SH.IMM.HEPB","","","","","","","","","","","","","","","","","","","","","","","","","","","","","","","","","","","","","","","99","99","99","99","96","99","96","99","99","99","98","97","96","98","98","97","98","94","98","98","98","",
"Korea, Rep.","KOR","Immunization, HepB3 (% of one-year-old children)","SH.IMM.HEPB","","","","","","","","","","","","","","","","","","","","","","","","","","","","","","","","","","","","99","93","88","82","88","93","89","92","91","92","99","99","91","94","94","94","99","99","99","99","98","98","98","98","",
"Kuwait","KWT","Immunization, HepB3 (% of one-year-old children)","SH.IMM.HEPB","","","","","","","","","","","","","","","","","","","","","","","","","","","","","","","","","38","91","93","99","99","98","99","95","95","99","99","99","94","99","99","99","99","99","99","99","98","99","96","99","99","99","99","",
"Latin America & Caribbean (excluding high income)","LAC","Immunization, HepB3 (% of one-year-old children)","SH.IMM.HEPB","","","","","","","","","","","","","","","","","","","","","","","","","","","","","","","","","","","","","","","","","84.1967473719796","87.0703218828984","86.3230448292522","89.6958785411086","92.4561117801648","94.4887039479055","93.5440730972473","92.8118938550161","91.9126293901268","94.3650717222886","92.4887077729605","93.3254832449531","94.1750782566697","89.0425510723951","88.6265263459503","88.7147270449966","89.1201960152721","80.7227094277532","77.3281999510738","",
"Lao PDR","LAO","Immunization, HepB3 (% of one-year-old children)","SH.IMM.HEPB","","","","","","","","","","","","","","","","","","","","","","","","","","","","","","","","","","","","","","","","","","","","50","45","49","57","50","61","67","74","78","79","87","88","81","66","69","68","",
"Lebanon","LBN","Immunization, HepB3 (% of one-year-old children)","SH.IMM.HEPB","","","","","","","","","","","","","","","","","","","","","","","","","","","","","","","","","","","","","","","","86","83","80","77","74","75","77","78","80","81","81","81","80","80","80","80","80","80","80","80","",
"Liberia","LBR","Immunization, HepB3 (% of one-year-old children)","SH.IMM.HEPB","","","","","","","","","","","","","","","","","","","","","","","","","","","","","","","","","","","","","","","","","","","","","","","","","64","64","47","77","80","76","50","52","79","86","84","",
"Libya","LBY","Immunization, HepB3 (% of one-year-old children)","SH.IMM.HEPB","","","","","","","","","","","","","","","","","","","","","","","","","","","","","","","","","88","91","92","92","93","91","92","92","92","93","91","96","99","97","98","98","98","98","98","98","98","96","94","97","97","96","97","",
"St. Lucia","LCA","Immunization, HepB3 (% of one-year-old children)","SH.IMM.HEPB","","","","","","","","","","","","","","","","","","","","","","","","","","","","","","","","","","","","","","","","","","","14","84","91","95","85","99","96","95","97","99","98","99","99","99","95","80","95","",
"Latin America & Caribbean","LCN","Immunization, HepB3 (% of one-year-old children)","SH.IMM.HEPB","","","","","","","","","","","","","","","","","","","","","","","","","","","","","","","","","","","","","","","","","84.244155564818","87.1328605184356","86.2998700352459","89.7363128979778","92.4856590687425","94.4789469773769","93.5374365898197","92.7385968731051","91.9469710608602","94.2843746452444","92.4965275178201","93.2975388374421","94.0038286549677","89.033143094972","88.7559828132014","88.8315668272535","89.2802339545687","81.0892029064255","77.922556489462","",
"Least developed countries: UN classification","LDC","Immunization, HepB3 (% of one-year-old children)","SH.IMM.HEPB","","","","","","","","","","","","","","","","","","","","","","","","","","","","","","","","","","","","","","","","","","","","","","","","75.1230204332555","73.8936581523336","75.6634623390431","75.9066521545762","77.0332567279135","77.2107243517956","76.7110838897715","78.7200350035861","80.0443816312856","80.3698008420681","80.8243139636516","80.5405308574093","",
"Low income","LIC","Immunization, HepB3 (% of one-year-old children)","SH.IMM.HEPB","","","","","","","","","","","","","","","","","","","","","","","","","","","","","","","","","","","","","","","","","","","","","","","","72.2767821567602","70.4116728737663","73.3565105064881","73.3845220621507","75.8607279001401","74.7700751195232","73.764576736051","75.0122608737472","76.7291048479656","77.2552894038673","78.0365073830365","77.7184876271953","",
"Liechtenstein","LIE","Immunization, HepB3 (% of one-year-old children)","SH.IMM.HEPB","","","","","","","","","","","","","","","","","","","","","","","","","","","","","","","","","","","","","","","","","","","","","","","","","","","","","","","","","","","","",
"Sri Lanka","LKA","Immunization, HepB3 (% of one-year-old children)","SH.IMM.HEPB","","","","","","","","","","","","","","","","","","","","","","","","","","","","","","","","","","","","","","","","","","","","32","62","99","98","98","98","97","99","99","99","99","99","99","99","99","99","",
"Lower middle income","LMC","Immunization, HepB3 (% of one-year-old children)","SH.IMM.HEPB","","","","","","","","","","","","","","","","","","","","","","","","","","","","","","","","","","","","","","","","","","","","","33.4366339810213","36.9705845925583","41.3905541426169","44.0110569613339","54.971714535562","60.4596962579958","59.6618378833556","62.4596138395737","74.9298596604104","73.74866512172","77.0598641999534","79.7297809248991","83.1567428478005","82.9167359350082","82.2884984595648","",
"Low & middle income","LMY","Immunization, HepB3 (% of one-year-old children)","SH.IMM.HEPB","","","","","","","","","","","","","","","","","","","","","","","","","","","","","","","","","","","","","","","","","","","","70.675374732575","55.8627826464445","58.0512438620729","61.8683425254831","63.2780070570873","69.3218254373621","73.5841598316282","73.0476498573742","75.1220714964863","81.3640256208759","80.2937525298782","82.2503018811033","83.8956418698928","85.631071254582","85.0853746759211","84.3614373192583","",
"Lesotho","LSO","Immunization, HepB3 (% of one-year-old children)","SH.IMM.HEPB","","","","","","","","","","","","","","","","","","","","","","","","","","","","","","","","","","","","","","","","","","","","17","60","87","91","90","88","91","93","96","95","93","93","93","93","93","93","",
"Late-demographic dividend","LTE","Immunization, HepB3 (% of one-year-old children)","SH.IMM.HEPB","","","","","","","","","","","","","","","","","","","","","","","","","","","","","","","","","","","","","","","","","68.7867539672785","70.8906282915673","76.7806991080182","80.237121287668","84.9559222660443","88.6459401851267","93.0401758484165","92.2974709167003","94.8932678331585","97.8244834945444","97.076397380525","97.7085281336481","97.7899060548227","95.8879242030217","97.6241951525001","97.8904525108176","96.9043552094798","97.3702472595253","95.3233717477036","",
"Lithuania","LTU","Immunization, HepB3 (% of one-year-old children)","SH.IMM.HEPB","","","","","","","","","","","","","","","","","","","","","","","","","","","","","","","","","","","","","","","73","96","98","95","94","95","94","95","95","96","96","95","94","95","93","93","94","94","95","94","93","",
"Luxembourg","LUX","Immunization, HepB3 (% of one-year-old children)","SH.IMM.HEPB","","","","","","","","","","","","","","","","","","","","","","","","","","","","","","","","","","","","","","49","58","67","77","86","95","95","94","95","95","87","94","95","94","95","94","94","94","94","94","94","96","",
"Latvia","LVA","Immunization, HepB3 (% of one-year-old children)","SH.IMM.HEPB","","","","","","","","","","","","","","","","","","","","","","","","","","","","","","","","","","","","","","","9","94","95","96","98","98","98","99","94","91","93","92","91","89","90","94","92","94","98","98","96","",
"Macao SAR, China","MAC","Immunization, HepB3 (% of one-year-old children)","SH.IMM.HEPB","","","","","","","","","","","","","","","","","","","","","","","","","","","","","","","","","","","","","","","","","","","","","","","","","","","","","","","","","","","","",
"St. Martin (French part)","MAF","Immunization, HepB3 (% of one-year-old children)","SH.IMM.HEPB","","","","","","","","","","","","","","","","","","","","","","","","","","","","","","","","","","","","","","","","","","","","","","","","","","","","","","","","","","","","",
"Morocco","MAR","Immunization, HepB3 (% of one-year-old children)","SH.IMM.HEPB","","","","","","","","","","","","","","","","","","","","","","","","","","","","","","","","","","","","","","","","10","43","84","92","90","95","96","95","95","97","98","98","98","99","99","99","99","99","99","99","",
"Monaco","MCO","Immunization, HepB3 (% of one-year-old children)","SH.IMM.HEPB","","","","","","","","","","","","","","","","","","","","","","","","","","","","","","","","","","","","","","","","99","99","99","99","99","99","99","99","99","99","99","99","99","99","99","99","99","99","99","99","",
"Moldova","MDA","Immunization, HepB3 (% of one-year-old children)","SH.IMM.HEPB","","","","","","","","","","","","","","","","","","","","","","","","","","","","","","","","","","","","19","81","87","93","94","92","94","99","99","99","99","98","95","97","89","98","96","94","91","92","88","90","89","94","",
"Madagascar","MDG","Immunization, HepB3 (% of one-year-old children)","SH.IMM.HEPB","","","","","","","","","","","","","","","","","","","","","","","","","","","","","","","","","","","","","","","","","","","51","61","71","81","82","84","77","77","70","73","70","74","73","69","77","74","75","",
"Maldives","MDV","Immunization, HepB3 (% of one-year-old children)","SH.IMM.HEPB","","","","","","","","","","","","","","","","","","","","","","","","","","","","","","","","","","21","63","80","96","50","45","90","96","98","98","98","97","98","98","98","98","98","97","96","99","99","99","99","99","99","99","",
"Middle East & North Africa","MEA","Immunization, HepB3 (% of one-year-old children)","SH.IMM.HEPB","","","","","","","","","","","","","","","","","","","","","","","","","","","","","","","","","","","63.5050781508449","70.8180132483912","74.4517595226838","83.6450792190907","77.9646736056325","73.2412976361798","79.5663523324388","83.4150476050882","85.1116722461624","85.2957383642003","85.1657865435874","89.2116320899368","88.7260984773611","89.0191047330039","90.6873899682874","91.9614768877998","91.7539737138694","90.4338376688604","86.4916785499819","90.6215283372268","88.9044006504862","88.0849676947337","89.2734207050403","90.3815081074105","90.1408050234162","",
"Mexico","MEX","Immunization, HepB3 (% of one-year-old children)","SH.IMM.HEPB","","","","","","","","","","","","","","","","","","","","","","","","","","","","","","","","","","","","","","","","","97","97","97","98","98","98","98","98","97","95","93","98","99","82","84","82","93","58","55","",
"Marshall Islands","MHL","Immunization, HepB3 (% of one-year-old children)","SH.IMM.HEPB","","","","","","","","","","","","","","","","","","","","","","","","","","","","","","3","10","17","24","17","46","47","68","70","80","80","38","76","80","74","72","89","97","93","97","99","97","89","80","80","79","85","73","82","84","",
"Middle income","MIC","Immunization, HepB3 (% of one-year-old children)","SH.IMM.HEPB","","","","","","","","","","","","","","","","","","","","","","","","","","","","","","","","","","","","","","","","","","","","71.6788767296386","54.2250504922957","56.2371576696719","59.9543344585731","61.7851411372108","69.1296759341826","73.6268848898891","72.9836913422008","74.9801293460339","82.6437837116707","81.6239830698632","83.7428294274935","85.4202005456477","87.4394809188969","86.6317132852587","85.8453094063487","",
"North Macedonia","MKD","Immunization, HepB3 (% of one-year-old children)","SH.IMM.HEPB","","","","","","","","","","","","","","","","","","","","","","","","","","","","","","","","","","","","","","","","","","","","","","53","89","96","97","95","90","96","98","97","97","92","94","91","91","",
"Mali","MLI","Immunization, HepB3 (% of one-year-old children)","SH.IMM.HEPB","","","","","","","","","","","","","","","","","","","","","","","","","","","","","","","","","","","","","","","","","","","","79","73","83","90","74","74","71","72","66","65","64","66","67","69","70","71","",
"Malta","MLT","Immunization, HepB3 (% of one-year-old children)","SH.IMM.HEPB","","","","","","","","","","","","","","","","","","","","","","","","","","","","","","","","","","","","","","","","","","","","89","85","85","86","82","86","86","75","82","93","94","90","95","97","88","98","",
"Myanmar","MMR","Immunization, HepB3 (% of one-year-old children)","SH.IMM.HEPB","","","","","","","","","","","","","","","","","","","","","","","","","","","","","","","","","","","","","","","","","","","","8","39","62","75","85","85","91","92","40","58","75","88","89","90","89","91","",
"Middle East & North Africa (excluding high income)","MNA","Immunization, HepB3 (% of one-year-old children)","SH.IMM.HEPB","","","","","","","","","","","","","","","","","","","","","","","","","","","","","","","","","","","","","70.8772487268865","81.991004774073","74.7199345227963","70.405780557415","77.4899848042271","81.7493794428152","83.4252631310656","83.8270675315761","83.7314191085536","88.2403816918417","87.7817457998919","88.0585264677857","89.7722938624986","91.2228631425289","90.9987749192268","89.4813778644184","85.075295878338","89.7064405329976","87.8203636207404","86.8820956466956","88.249635878549","89.4602341396006","89.2348274022754","",
"Montenegro","MNE","Immunization, HepB3 (% of one-year-old children)","SH.IMM.HEPB","","","","","","","","","","","","","","","","","","","","","","","","","","","","","","","","","","","","","","","","","","","","","","","90","90","93","87","90","91","90","90","87","82","75","73","73","",
"Mongolia","MNG","Immunization, HepB3 (% of one-year-old children)","SH.IMM.HEPB","","","","","","","","","","","","","","","","","","","","","","","","","","","","","","","","18","47","69","67","88","93","88","91","92","93","95","98","98","98","98","98","98","96","97","96","99","99","98","99","99","99","99","99","",
"Northern Mariana Islands","MNP","Immunization, HepB3 (% of one-year-old children)","SH.IMM.HEPB","","","","","","","","","","","","","","","","","","","","","","","","","","","","","","","","","","","","","","","","","","","","","","","","","","","","","","","","","","","","",
"Mozambique","MOZ","Immunization, HepB3 (% of one-year-old children)","SH.IMM.HEPB","","","","","","","","","","","","","","","","","","","","","","","","","","","","","","","","","","","","","","","","","","25","76","76","76","75","75","75","75","74","74","76","76","78","79","80","80","80","80","",
"Mauritania","MRT","Immunization, HepB3 (% of one-year-old children)","SH.IMM.HEPB","","","","","","","","","","","","","","","","","","","","","","","","","","","","","","","","","","","","","","","","","","","","","","42","68","74","74","64","64","75","80","80","81","73","74","81","81","",
"Mauritius","MUS","Immunization, HepB3 (% of one-year-old children)","SH.IMM.HEPB","","","","","","","","","","","","","","","","","","","","","","","","","","","","","","","","","","","","","","90","90","85","88","92","88","97","98","97","97","97","99","99","99","98","98","98","97","97","72","96","97","",
"Malawi","MWI","Immunization, HepB3 (% of one-year-old children)","SH.IMM.HEPB","","","","","","","","","","","","","","","","","","","","","","","","","","","","","","","","","","","","","","","","","","","64","84","89","93","99","87","91","93","93","97","96","89","91","88","84","88","92","",
"Malaysia","MYS","Immunization, HepB3 (% of one-year-old children)","SH.IMM.HEPB","","","","","","","","","","","","","","","","","","","","","","","","","","","","","","69","86","89","86","86","94","96","96","97","96","96","97","95","95","95","94","96","95","96","97","96","96","96","97","96","96","99","98","98","99","",
"North America","NAC","Immunization, HepB3 (% of one-year-old children)","SH.IMM.HEPB","","","","","","","","","","","","","","","","","","","","","","","","","","","","","","","","","","16","42","68","82","84","87","88","90","89","88","86.0229029727491","86.0824910872916","87.0064027078946","87.0816884352937","86.8161925031813","88.7042985344292","87.8882829766422","88.9762716606952","89.1869019052866","88.2679800166506","87.8471994913331","88.7268709186264","89.9454181728469","90.9458166317002","90.9963563753958","89.1657139036306","",
"Namibia","NAM","Immunization, HepB3 (% of one-year-old children)","SH.IMM.HEPB","","","","","","","","","","","","","","","","","","","","","","","","","","","","","","","","","","","","","","","","","","","","","","","","","","","83","82","84","89","88","92","85","88","89","",
"New Caledonia","NCL","Immunization, HepB3 (% of one-year-old children)","SH.IMM.HEPB","","","","","","","","","","","","","","","","","","","","","","","","","","","","","","","","","","","","","","","","","","","","","","","","","","","","","","","","","","","","",
"Niger","NER","Immunization, HepB3 (% of one-year-old children)","SH.IMM.HEPB","","","","","","","","","","","","","","","","","","","","","","","","","","","","","","","","","","","","","","","","","","","","","","","","","","71","70","75","71","73","81","84","80","85","79","",
"Nigeria","NGA","Immunization, HepB3 (% of one-year-old children)","SH.IMM.HEPB","","","","","","","","","","","","","","","","","","","","","","","","","","","","","","","","","","","","","","","","","","","","","","18","27","42","41","63","49","46","42","43","43","42","57","57","57","",
"Nicaragua","NIC","Immunization, HepB3 (% of one-year-old children)","SH.IMM.HEPB","","","","","","","","","","","","","","","","","","","","","","","","","","","","","","","","","","","","","","","","80","83","87","85","86","79","86","88","93","97","98","98","98","98","98","98","98","98","98","98","",
"Netherlands","NLD","Immunization, HepB3 (% of one-year-old children)","SH.IMM.HEPB","","","","","","","","","","","","","","","","","","","","","","","","","","","","","","","","","","","","","","","","","","","","","","","","","","","","20","20","51","94","94","93","92","92","",
"Norway","NOR","Immunization, HepB3 (% of one-year-old children)","SH.IMM.HEPB","","","","","","","","","","","","","","","","","","","","","","","","","","","","","","","","","","","","","","","","","","","","","","","","","","","","","","","","","","","","",
"Nepal","NPL","Immunization, HepB3 (% of one-year-old children)","SH.IMM.HEPB","","","","","","","","","","","","","","","","","","","","","","","","","","","","","","","","","","","","","","","","","","","","2","27","41","69","82","82","89","82","92","90","92","92","91","87","90","91","",
"Nauru","NRU","Immunization, HepB3 (% of one-year-old children)","SH.IMM.HEPB","","","","","","","","","","","","","","","","","","","","","","","","","","","","","","","","79","90","99","79","57","72","86","29","62","58","95","75","77","78","80","99","99","99","99","99","99","79","87","95","91","97","87","90","",
"New Zealand","NZL","Immunization, HepB3 (% of one-year-old children)","SH.IMM.HEPB","","","","","","","","","","","","","","","","","","","","","","","","","","","","","","","","","67","74","81","88","94","99","87","89","90","90","89","89","88","87","87","88","90","93","90","95","93","93","93","92","92","94","93","",
"OECD members","OED","Immunization, HepB3 (% of one-year-old children)","SH.IMM.HEPB","","","","","","","","","","","","","","","","","","","","","","","","","","","","","","","","","","","","","","","","","84.0247767644769","84.75464269764","84.7114614301335","84.0697852561912","86.0738219921073","87.7223960514477","87.8563827226523","88.9964229282426","89.6639523464833","89.4572485870347","90.1992104295138","90.7807176665554","90.8003396619412","88.3967509711186","89.7042543155159","90.1757289154643","92.6585809218096","86.3286916212467","85.3978398028202","",
"Oman","OMN","Immunization, HepB3 (% of one-year-old children)","SH.IMM.HEPB","","","","","","","","","","","","","","","","","","","","","","","","","","","","","","","","94","99","96","99","99","99","99","99","99","99","99","99","99","99","99","99","99","99","98","99","99","98","98","99","99","99","99","99","",
"Other small states","OSS","Immunization, HepB3 (% of one-year-old children)","SH.IMM.HEPB","","","","","","","","","","","","","","","","","","","","","","","","","","","","","","","","","","","","","","","","","","","","","","84.7700029429863","87.9068651969271","87.6155696671017","91.0551330713783","89.4267575033243","87.7027386440287","88.994173272003","91.1408730360761","91.291751311082","85.6792208217691","86.9995027410821","84.7660216295036","85.7537782418406","85.8375886630506","",
"Pakistan","PAK","Immunization, HepB3 (% of one-year-old children)","SH.IMM.HEPB","","","","","","","","","","","","","","","","","","","","","","","","","","","","","","","","","","","","","","","","","","","","62","62","65","60","54","53","52","52","63","64","65","69","72","75","75","75","",
"Panama","PAN","Immunization, HepB3 (% of one-year-old children)","SH.IMM.HEPB","","","","","","","","","","","","","","","","","","","","","","","","","","","","","","","","","","","","","","","","","","98","98","98","95","92","88","85","86","85","94","87","85","80","80","73","86","81","88","",
"Peru","PER","Immunization, HepB3 (% of one-year-old children)","SH.IMM.HEPB","","","","","","","","","","","","","","","","","","","","","","","","","","","","","","","","","","","","","","","","","","","","65","92","94","94","93","93","93","93","91","95","88","88","90","89","83","84","",
"Philippines","PHL","Immunization, HepB3 (% of one-year-old children)","SH.IMM.HEPB","","","","","","","","","","","","","","","","","","","","","","","","","","","","","","","","","","","","38","35","31","30","32","7","45","42","52","48","49","77","87","88","85","77","87","88","89","67","60","86","72","65","",
"Palau","PLW","Immunization, HepB3 (% of one-year-old children)","SH.IMM.HEPB","","","","","","","","","","","","","","","","","","","","","","","","","","","","","","","","89","75","94","73","99","99","90","96","96","96","98","99","99","98","98","98","91","92","69","80","91","89","99","99","90","98","98","98","",
"Papua New Guinea","PNG","Immunization, HepB3 (% of one-year-old children)","SH.IMM.HEPB","","","","","","","","","","","","","","","","","","","","","","","","","","","","","","","20","19","12","7","20","23","43","44","47","54","57","59","60","67","60","63","71","61","59","66","67","72","74","79","73","73","72","62","61","",
"Poland","POL","Immunization, HepB3 (% of one-year-old children)","SH.IMM.HEPB","","","","","","","","","","","","","","","","","","","","","","","","","","","","","","","","1","1","1","4","23","56","97","99","99","99","95","98","97","98","98","98","98","98","98","98","98","97","96","96","96","95","93","91","",
"Pre-demographic dividend","PRE","Immunization, HepB3 (% of one-year-old children)","SH.IMM.HEPB","","","","","","","","","","","","","","","","","","","","","","","","","","","","","","","","","","","","","","","","","","","","","","55.4581938873847","62.1729793906352","66.7029031559241","65.5062073987546","71.9676112494708","69.1803171394027","70.7849977702862","69.9257285102261","69.4546364783396","70.5099415491791","70.1863889818207","74.2265946489089","74.8462491859909","74.9779165257473","",
"Puerto Rico","PRI","Immunization, HepB3 (% of one-year-old children)","SH.IMM.HEPB","","","","","","","","","","","","","","","","","","","","","","","","","","","","","","","","","","","","","","","","","","","","","","","","","","","","","","","","","","","","",
"Korea, Dem. People’s Rep.","PRK","Immunization, HepB3 (% of one-year-old children)","SH.IMM.HEPB","","","","","","","","","","","","","","","","","","","","","","","","","","","","","","","","","","","","","","","","","","","","27","98","92","96","92","92","93","93","94","96","93","93","96","96","97","97","",
"Portugal","PRT","Immunization, HepB3 (% of one-year-old children)","SH.IMM.HEPB","","","","","","","","","","","","","","","","","","","","","","","","","","","","","","","","","","","","6","34","49","64","61","58","70","82","94","94","94","97","97","97","96","97","97","98","98","98","98","98","98","98","",
"Paraguay","PRY","Immunization, HepB3 (% of one-year-old children)","SH.IMM.HEPB","","","","","","","","","","","","","","","","","","","","","","","","","","","","","","","","","","","","","","","","","","","","86","90","92","92","86","87","85","91","91","91","90","93","92","92","91","88","",
"West Bank and Gaza","PSE","Immunization, HepB3 (% of one-year-old children)","SH.IMM.HEPB","","","","","","","","","","","","","","","","","","","","","","","","","","","","","","","","","","","","","","","","","","","","","","","","","","","","","","","","","","","","",
"Pacific island small states","PSS","Immunization, HepB3 (% of one-year-old children)","SH.IMM.HEPB","","","","","","","","","","","","","","","","","","","","","","","","","","","","","","","","","","66.8762935743371","67.4389130519964","76.8088049826345","88.7832938725258","88.134863673972","87.8845991074177","87.7377892526156","88.7547982235953","88.1045732424171","85.9056138306138","86.2688781171524","83.3935098771193","82.4099273233338","87.4944024843768","86.6836489073369","82.8837652154432","87.0036910533275","87.7452531931422","89.8265523132169","90.6154222595078","88.9273165275746","85.7639869636067","88.6010436591832","90.5503411240205","87.4243331789","84.5990015816528","",
"Post-demographic dividend","PST","Immunization, HepB3 (% of one-year-old children)","SH.IMM.HEPB","","","","","","","","","","","","","","","","","","","","","","","","","","","","","","","","","","","","","","","","","77.6509417210773","78.5213806153233","81.2623231136042","81.8273610745129","84.3416013163559","85.6404316594181","85.9263587077461","85.5117677354896","86.8742824298901","85.9245671443488","86.5054101988814","84.2986172215292","85.4524454930256","86.1608311077714","86.2371856191606","87.2613834153771","88.2373991055569","89.7112052738204","88.8533311589844","",
"French Polynesia","PYF","Immunization, HepB3 (% of one-year-old children)","SH.IMM.HEPB","","","","","","","","","","","","","","","","","","","","","","","","","","","","","","","","","","","","","","","","","","","","","","","","","","","","","","","","","","","","",
"Qatar","QAT","Immunization, HepB3 (% of one-year-old children)","SH.IMM.HEPB","","","","","","","","","","","","","","","","","","","","","","","","","","","","","","","","86","89","93","90","90","90","90","92","92","89","93","98","93","97","97","96","94","97","99","97","93","93","97","89","99","98","97","98","",
"Romania","ROU","Immunization, HepB3 (% of one-year-old children)","SH.IMM.HEPB","","","","","","","","","","","","","","","","","","","","","","","","","","","","","","","","","","","","","99","99","99","99","98","98","99","98","99","98","99","99","97","95","98","96","96","96","94","90","90","92","93","",
"Russian Federation","RUS","Immunization, HepB3 (% of one-year-old children)","SH.IMM.HEPB","","","","","","","","","","","","","","","","","","","","","","","","","","","","","","","","","","","","","","","","","","43","81","94","96","97","98","98","98","98","97","97","97","97","97","97","97","97","97","",
"Rwanda","RWA","Immunization, HepB3 (% of one-year-old children)","SH.IMM.HEPB","","","","","","","","","","","","","","","","","","","","","","","","","","","","","","","","","","","","","","","","","","","88","96","89","95","99","97","97","97","97","97","98","98","98","98","98","98","97","",
"South Asia","SAS","Immunization, HepB3 (% of one-year-old children)","SH.IMM.HEPB","","","","","","","","","","","","","","","","","","","","","","","","","","","","","","","","","","","","","","","","","","","","","14.8019826306013","20.5319048127876","22.6700975753236","24.0304144516305","40.6369648120044","46.4351727180834","46.9102232421432","53.1463767960519","73.8620941914759","71.9823625456349","78.9077933541759","85.0693034392425","86.1353649918745","86.8510525189037","86.8313478350375","",
"Saudi Arabia","SAU","Immunization, HepB3 (% of one-year-old children)","SH.IMM.HEPB","","","","","","","","","","","","","","","","","","","","","","","","","","","","","","","66","86","89","93","94","93","92","91","95","92","93","95","97","95","96","97","96","96","98","98","98","98","98","98","98","98","98","98","97","",
"Sudan","SDN","Immunization, HepB3 (% of one-year-old children)","SH.IMM.HEPB","","","","","","","","","","","","","","","","","","","","","","","","","","","","","","","","","","","","","","","","","","","","","","22","60","78","78","72","75","93","92","93","94","93","93","95","93","",
"Senegal","SEN","Immunization, HepB3 (% of one-year-old children)","SH.IMM.HEPB","","","","","","","","","","","","","","","","","","","","","","","","","","","","","","","","","","","","","","","","","","","","","54","84","89","94","88","86","89","92","91","92","89","89","93","91","82","",
"Singapore","SGP","Immunization, HepB3 (% of one-year-old children)","SH.IMM.HEPB","","","","","","","","","","","","","","","","","","","","","","","","","","","","","","","74","76","78","90","94","96","96","97","96","96","97","95","95","95","94","96","95","96","97","96","96","96","97","97","96","96","96","96","96","",
"Solomon Islands","SLB","Immunization, HepB3 (% of one-year-old children)","SH.IMM.HEPB","","","","","","","","","","","","","","","","","","","","","","","","","","","","","","","","","","53","65","68","97","73","75","79","81","83","75","79","81","83","99","90","89","91","87","92","92","83","77","87","94","83","85","",
"Sierra Leone","SLE","Immunization, HepB3 (% of one-year-old children)","SH.IMM.HEPB","","","","","","","","","","","","","","","","","","","","","","","","","","","","","","","","","","","","","","","","","","","","","","","","63","77","84","86","89","91","92","83","86","84","90","90","",
"El Salvador","SLV","Immunization, HepB3 (% of one-year-old children)","SH.IMM.HEPB","","","","","","","","","","","","","","","","","","","","","","","","","","","","","","","","","","","","","","","","1","99","75","81","94","90","89","96","99","98","91","89","89","92","92","93","91","93","85","81","",
"San Marino","SMR","Immunization, HepB3 (% of one-year-old children)","SH.IMM.HEPB","","","","","","","","","","","","","","","","","","","","","","","","","","","","","","","","99","99","98","98","98","98","97","97","97","97","96","96","96","95","95","92","91","91","89","89","92","88","83","83","84","86","82","78","",
"Somalia","SOM","Immunization, HepB3 (% of one-year-old children)","SH.IMM.HEPB","","","","","","","","","","","","","","","","","","","","","","","","","","","","","","","","","","","","","","","","","","","","","","","","","","","","","","42","42","42","42","42","42","",
"Serbia","SRB","Immunization, HepB3 (% of one-year-old children)","SH.IMM.HEPB","","","","","","","","","","","","","","","","","","","","","","","","","","","","","","","","","","","","","","","","","","","","","89","65","93","99","93","93","89","94","97","91","92","94","91","93","91","",
"Sub-Saharan Africa (excluding high income)","SSA","Immunization, HepB3 (% of one-year-old children)","SH.IMM.HEPB","","","","","","","","","","","","","","","","","","","","","","","","","","","","","","","","","","","","","","","","","","","","","","58.4995409937099","65.167170559237","67.0887832125995","65.9496743674331","71.6793593150805","69.9533199258632","71.5915321794369","70.9297896659285","70.16149068791","71.8611529969602","72.333048771717","75.4938977498911","75.7874106269429","75.7018820406931","",
"South Sudan","SSD","Immunization, HepB3 (% of one-year-old children)","SH.IMM.HEPB","","","","","","","","","","","","","","","","","","","","","","","","","","","","","","","","","","","","","","","","","","","","","","","","","","","","","","","","31","45","47","49","",
"Sub-Saharan Africa","SSF","Immunization, HepB3 (% of one-year-old children)","SH.IMM.HEPB","","","","","","","","","","","","","","","","","","","","","","","","","","","","","","","","","","","","","","","","","","","","","","58.503257058565","65.1701704223154","67.0907886584718","65.9516091789506","71.6808500254173","69.9548532894845","71.5930022151256","70.9312178346218","70.1629229967167","71.8624879389156","72.3342834651398","75.4949024537082","75.7884514998288","75.7029547335357","",
"Small states","SST","Immunization, HepB3 (% of one-year-old children)","SH.IMM.HEPB","","","","","","","","","","","","","","","","","","","","","","","","","","","","","","","","","","","","","","","","","","","","72.1757387247278","88.1357669711263","86.8773215870013","88.9962001527092","88.3650294912078","90.3840192725891","89.6774138125115","88.5354780156818","89.4996178152232","91.5814919229941","91.4333820143036","86.7242543599042","87.8337397561463","86.8303913584978","86.6342491568543","87.1616055652404","",
"Sao Tome and Principe","STP","Immunization, HepB3 (% of one-year-old children)","SH.IMM.HEPB","","","","","","","","","","","","","","","","","","","","","","","","","","","","","","","","","","","","","","","","","","","","43","70","96","75","87","99","98","98","96","96","97","95","96","96","95","95","",
"Suriname","SUR","Immunization, HepB3 (% of one-year-old children)","SH.IMM.HEPB","","","","","","","","","","","","","","","","","","","","","","","","","","","","","","","","","","","","","","","","","","","","","","83","84","84","84","87","86","86","84","86","85","89","91","81","95","",
"Slovak Republic","SVK","Immunization, HepB3 (% of one-year-old children)","SH.IMM.HEPB","","","","","","","","","","","","","","","","","","","","","","","","","","","","","","","","","","","","","","","","","98","99","99","99","99","99","99","99","99","99","99","99","99","98","97","96","96","96","96","",
"Slovenia","SVN","Immunization, HepB3 (% of one-year-old children)","SH.IMM.HEPB","","","","","","","","","","","","","","","","","","","","","","","","","","","","","","","","","","","","","","","","","","","","","","","","","","","","","","","","","","","","",
"Sweden","SWE","Immunization, HepB3 (% of one-year-old children)","SH.IMM.HEPB","","","","","","","","","","","","","","","","","","","","","","","","","","","","","","","","","","","","","","","","","","","","","","","","","","","","29","30","35","42","53","67","76","92","",
"Eswatini","SWZ","Immunization, HepB3 (% of one-year-old children)","SH.IMM.HEPB","","","","","","","","","","","","","","","","","","","","","","","","","","","","","","","","","","","","","76","76","78","81","83","86","88","90","93","95","93","92","90","88","89","91","95","98","98","90","90","90","90","",
"Sint Maarten (Dutch part)","SXM","Immunization, HepB3 (% of one-year-old children)","SH.IMM.HEPB","","","","","","","","","","","","","","","","","","","","","","","","","","","","","","","","","","","","","","","","","","","","","","","","","","","","","","","","","","","","",
"Seychelles","SYC","Immunization, HepB3 (% of one-year-old children)","SH.IMM.HEPB","","","","","","","","","","","","","","","","","","","","","","","","","","","","","","","","","","","","99","98","97","97","99","98","96","99","99","99","99","99","99","99","99","99","99","99","99","99","98","97","98","99","",
"Syrian Arab Republic","SYR","Immunization, HepB3 (% of one-year-old children)","SH.IMM.HEPB","","","","","","","","","","","","","","","","","","","","","","","","","","","","","","","","","5","23","64","74","75","76","77","78","79","80","80","81","82","83","83","83","83","84","84","66","43","71","47","41","42","48","47","",
"Turks and Caicos Islands","TCA","Immunization, HepB3 (% of one-year-old children)","SH.IMM.HEPB","","","","","","","","","","","","","","","","","","","","","","","","","","","","","","","","","","","","","","","","","","","","","","","","","","","","","","","","","","","","",
"Chad","TCD","Immunization, HepB3 (% of one-year-old children)","SH.IMM.HEPB","","","","","","","","","","","","","","","","","","","","","","","","","","","","","","","","","","","","","","","","","","","","","","","","","17","24","39","33","40","39","36","42","41","41","41","",
"East Asia & Pacific (IDA & IBRD countries)","TEA","Immunization, HepB3 (% of one-year-old children)","SH.IMM.HEPB","","","","","","","","","","","","","","","","","","","","","","","","","","","","","","","","","","","","","","","","","58.4829438281928","64.5416350105756","67.7674177181363","69.8483637407337","73.7035779062175","77.8642560331876","85.0307903733147","87.0833759478483","91.1567985221176","93.982607524077","93.2885330406392","92.5363560603369","93.5970951461568","92.5855370130103","91.9250269687347","91.5224493462939","93.5668348256036","92.4004446590556","90.8668947307737","",
"Europe & Central Asia (IDA & IBRD countries)","TEC","Immunization, HepB3 (% of one-year-old children)","SH.IMM.HEPB","","","","","","","","","","","","","","","","","","","","","","","","","","","","","","","","","","","","","","","","","","63.4772733356924","75.7792020623058","84.146022342775","89.9074238164907","91.6943398104912","92.2563929508811","95.3123959220706","93.4695526616661","93.06805536848","92.3876975741498","90.2247498899754","92.5403901684417","92.9796941217804","90.7445354439081","91.2602979283357","90.9667340515751","93.1622077417359","93.3750858800731","",
"Togo","TGO","Immunization, HepB3 (% of one-year-old children)","SH.IMM.HEPB","","","","","","","","","","","","","","","","","","","","","","","","","","","","","","","","","","","","","","","","","","","","","","","","","24","78","83","85","84","84","87","88","89","90","88","",
"Thailand","THA","Immunization, HepB3 (% of one-year-old children)","SH.IMM.HEPB","","","","","","","","","","","","","","","","","","","","","","","","","","","","","","","","","15","58","66","93","93","94","95","95","95","95","95","96","96","96","96","96","98","98","98","98","98","99","99","99","99","99","97","",
"Tajikistan","TJK","Immunization, HepB3 (% of one-year-old children)","SH.IMM.HEPB","","","","","","","","","","","","","","","","","","","","","","","","","","","","","","","","","","","","","","","","","","","39","58","81","81","88","84","86","93","93","96","94","96","97","96","97","96","96","",
"Turkmenistan","TKM","Immunization, HepB3 (% of one-year-old children)","SH.IMM.HEPB","","","","","","","","","","","","","","","","","","","","","","","","","","","","","","","","","","","","","","","","","","","96","97","96","99","98","98","96","97","96","97","98","98","97","99","98","99","99","",
"Latin America & the Caribbean (IDA & IBRD countries)","TLA","Immunization, HepB3 (% of one-year-old children)","SH.IMM.HEPB","","","","","","","","","","","","","","","","","","","","","","","","","","","","","","","","","","","","","","","","","83.999399198963","87.0014483314421","86.1225599899198","89.6070565697651","92.3969873094819","94.4740792668231","93.5925162797698","92.735232043917","91.9143836211466","94.2640570684758","92.4535976966211","93.2648378707253","93.9803832518163","88.943052470227","88.6485581984303","88.6999871879029","89.152945421143","80.867044863554","77.6691704120801","",
"Timor-Leste","TLS","Immunization, HepB3 (% of one-year-old children)","SH.IMM.HEPB","","","","","","","","","","","","","","","","","","","","","","","","","","","","","","","","","","","","","","","","","","","","","","","","","79","72","72","67","83","82","77","76","79","83","83","",
"Middle East & North Africa (IDA & IBRD countries)","TMN","Immunization, HepB3 (% of one-year-old children)","SH.IMM.HEPB","","","","","","","","","","","","","","","","","","","","","","","","","","","","","","","","","","","","","70.8772487268865","81.991004774073","74.7199345227963","70.405780557415","77.4899848042271","81.7493794428152","83.4252631310656","83.8270675315761","83.7314191085536","88.2403816918417","87.7817457998919","88.0585264677857","89.7722938624986","91.2228631425289","90.9987749192268","89.4813778644184","85.075295878338","89.7064405329976","87.8203636207404","86.8820956466956","88.249635878549","89.4602341396006","89.2348274022754","",
"Tonga","TON","Immunization, HepB3 (% of one-year-old children)","SH.IMM.HEPB","","","","","","","","","","","","","","","","","","","","","","","","","","","","","","","94","88","82","96","90","91","94","95","95","90","93","91","88","85","90","89","89","87","84","84","82","82","77","82","80","78","78","81","81","",
"South Asia (IDA & IBRD)","TSA","Immunization, HepB3 (% of one-year-old children)","SH.IMM.HEPB","","","","","","","","","","","","","","","","","","","","","","","","","","","","","","","","","","","","","","","","","","","","","14.8019826306013","20.5319048127876","22.6700975753236","24.0304144516305","40.6369648120044","46.4351727180834","46.9102232421432","53.1463767960519","73.8620941914759","71.9823625456349","78.9077933541759","85.0693034392425","86.1353649918745","86.8510525189037","86.8313478350375","",
"Sub-Saharan Africa (IDA & IBRD countries)","TSS","Immunization, HepB3 (% of one-year-old children)","SH.IMM.HEPB","","","","","","","","","","","","","","","","","","","","","","","","","","","","","","","","","","","","","","","","","","","","","","58.503257058565","65.1701704223154","67.0907886584718","65.9516091789506","71.6808500254173","69.9548532894845","71.5930022151256","70.9312178346218","70.1629229967167","71.8624879389156","72.3342834651398","75.4949024537082","75.7884514998288","75.7029547335357","",
"Trinidad and Tobago","TTO","Immunization, HepB3 (% of one-year-old children)","SH.IMM.HEPB","","","","","","","","","","","","","","","","","","","","","","","","","","","","","","","","","","","","","","","","","","","5","76","94","95","89","89","90","90","90","90","92","92","92","90","97","89","99","",
"Tunisia","TUN","Immunization, HepB3 (% of one-year-old children)","SH.IMM.HEPB","","","","","","","","","","","","","","","","","","","","","","","","","","","","","","","","","","","","","83","88","91","94","94","94","93","92","96","97","99","98","99","99","98","98","97","98","98","98","98","98","97","",
"Turkey","TUR","Immunization, HepB3 (% of one-year-old children)","SH.IMM.HEPB","","","","","","","","","","","","","","","","","","","","","","","","","","","","","","","","","","","","","","","","","71","77","72","68","77","85","82","96","92","94","96","96","97","97","96","97","98","96","98","",
"Tuvalu","TUV","Immunization, HepB3 (% of one-year-old children)","SH.IMM.HEPB","","","","","","","","","","","","","","","","","","","","","","","","","","","","","","","","","","","17","49","86","88","96","93","81","99","99","95","98","79","97","97","99","91","89","96","97","90","89","96","94","96","89","",
"Tanzania","TZA","Immunization, HepB3 (% of one-year-old children)","SH.IMM.HEPB","","","","","","","","","","","","","","","","","","","","","","","","","","","","","","","","","","","","","","","","","","","89","95","95","90","90","83","86","85","91","90","92","91","97","98","97","97","98","",
"Uganda","UGA","Immunization, HepB3 (% of one-year-old children)","SH.IMM.HEPB","","","","","","","","","","","","","","","","","","","","","","","","","","","","","","","","","","","","","","","","","","","29","44","62","64","64","73","71","79","80","82","83","84","85","89","93","94","93","",
"Ukraine","UKR","Immunization, HepB3 (% of one-year-old children)","SH.IMM.HEPB","","","","","","","","","","","","","","","","","","","","","","","","","","","","","","","","","","","","","","","","","4","7","48","77","98","97","96","92","84","66","48","21","46","46","22","22","26","52","52","",
"Upper middle income","UMC","Immunization, HepB3 (% of one-year-old children)","SH.IMM.HEPB","","","","","","","","","","","","","","","","","","","","","","","","","","","","","","","","","","","","","","","","","70.7156258005007","72.735861365899","77.206826359944","80.6230431239552","84.1679095779307","87.8935654850172","90.9942830945088","91.8367296611413","93.0215994532162","95.7403471750938","95.1931061825381","95.7186054840212","95.3334123811532","94.4982497689395","94.6153717530801","94.6741900777053","94.3940433369204","92.727928170685","91.7386409391531","",
"Uruguay","URY","Immunization, HepB3 (% of one-year-old children)","SH.IMM.HEPB","","","","","","","","","","","","","","","","","","","","","","","","","","","","","","","","","","","","","","","","93","92","94","95","91","94","96","95","94","94","95","95","95","95","94","95","95","95","93","91","",
"United States","USA","Immunization, HepB3 (% of one-year-old children)","SH.IMM.HEPB","","","","","","","","","","","","","","","","","","","","","","","","","","","","","","","","","","16","42","68","82","84","87","88","90","89","88","92","92","93","93","93","94","92","92","91","90","91","92","92","93","93","91","",
"Uzbekistan","UZB","Immunization, HepB3 (% of one-year-old children)","SH.IMM.HEPB","","","","","","","","","","","","","","","","","","","","","","","","","","","","","","","","","","","","","","","","","","","62","99","99","99","98","99","91","98","99","99","99","99","99","99","99","99","98","",
"St. Vincent and the Grenadines","VCT","Immunization, HepB3 (% of one-year-old children)","SH.IMM.HEPB","","","","","","","","","","","","","","","","","","","","","","","","","","","","","","","","","","","","","","","","","","","","31","99","99","99","99","99","99","99","96","96","97","98","99","99","99","97","",
"Venezuela, RB","VEN","Immunization, HepB3 (% of one-year-old children)","SH.IMM.HEPB","","","","","","","","","","","","","","","","","","","","","","","","","","","","","","","","","","","","","","","","","5","53","60","72","82","88","71","62","53","84","78","78","81","82","78","87","84","66","60","",
"British Virgin Islands","VGB","Immunization, HepB3 (% of one-year-old children)","SH.IMM.HEPB","","","","","","","","","","","","","","","","","","","","","","","","","","","","","","","","","","","","","","","","","","","","","","","","","","","","","","","","","","","","",
"Virgin Islands (U.S.)","VIR","Immunization, HepB3 (% of one-year-old children)","SH.IMM.HEPB","","","","","","","","","","","","","","","","","","","","","","","","","","","","","","","","","","","","","","","","","","","","","","","","","","","","","","","","","","","","",
"Vietnam","VNM","Immunization, HepB3 (% of one-year-old children)","SH.IMM.HEPB","","","","","","","","","","","","","","","","","","","","","","","","","","","","","","","","","","","","","","","","","","","","78","94","94","93","67","87","94","88","95","97","59","95","97","96","94","75","",
"Vanuatu","VUT","Immunization, HepB3 (% of one-year-old children)","SH.IMM.HEPB","","","","","","","","","","","","","","","","","","","","","","","","","","","","","","","","46","82","82","69","66","69","75","73","71","70","68","66","64","63","61","59","62","66","69","73","76","79","83","86","80","81","85","85","",
"World","WLD","Immunization, HepB3 (% of one-year-old children)","SH.IMM.HEPB","","","","","","","","","","","","","","","","","","","","","","","","","","","","","","","","","","","","","","","","","","","","72.3365845547632","58.612066271613","60.5397753385476","64.1267375713458","65.2536205320307","70.9253747749173","74.8174567089863","74.423472466151","76.3323595067797","81.9939588985548","81.0458165907213","82.9376043641515","84.5117932642373","86.1500445208526","85.6468330552018","84.9181903050131","",
"Samoa","WSM","Immunization, HepB3 (% of one-year-old children)","SH.IMM.HEPB","","","","","","","","","","","","","","","","","","","","","","","","","","","","","","","","","18","1","94","96","98","99","98","97","93","93","92","90","62","51","46","58","26","58","72","75","82","85","81","84","80","74","34","",
"Kosovo","XKX","Immunization, HepB3 (% of one-year-old children)","SH.IMM.HEPB","","","","","","","","","","","","","","","","","","","","","","","","","","","","","","","","","","","","","","","","","","","","","","","","","","","","","","","","","","","","",
"Yemen, Rep.","YEM","Immunization, HepB3 (% of one-year-old children)","SH.IMM.HEPB","","","","","","","","","","","","","","","","","","","","","","","","","","","","","","","","","","","","","","","","9","14","19","31","38","43","80","78","79","78","76","76","69","67","73","73","69","71","68","65","",
"South Africa","ZAF","Immunization, HepB3 (% of one-year-old children)","SH.IMM.HEPB","","","","","","","","","","","","","","","","","","","","","","","","","","","","","","","","","","","","","","74","74","73","73","72","72","71","76","79","83","83","76","74","71","76","70","73","85","85","76","76","74","",
"Zambia","ZMB","Immunization, HepB3 (% of one-year-old children)","SH.IMM.HEPB","","","","","","","","","","","","","","","","","","","","","","","","","","","","","","","","","","","","","","","","","","","","","","82","81","80","87","94","83","81","78","79","86","90","91","94","90","",
"Zimbabwe","ZWE","Immunization, HepB3 (% of one-year-old children)","SH.IMM.HEPB","","","","","","","","","","","","","","","","","","","","","","","","","","","","","","","","","","","","1","9","16","24","31","79","76","73","70","68","65","68","72","75","73","90","94","97","95","91","87","90","89","89","",
